﻿{
  "Routes": [
    {
      "DownstreamPathTemplate": "/api/Product/{everything}",
      "DownstreamScheme": "https",
      "DownstreamHostAndPorts": [
        {
          "Host": "localhost",
          "Port": 7147
        }
      ],
      "UpstreamPathTemplate": "/ApiGateway/Product/{everything}",
      "UpstreamHttpMethod": [ "Get" ],
      "Key": "product-details"
    },
    {
      "DownstreamPathTemplate": "/api/Product",
      "DownstreamScheme": "https",
      "DownstreamHostAndPorts": [
        {
          "Host": "localhost",
          "Port": 7147
        }
      ],
      "UpstreamPathTemplate": "/ApiGateway/Product",
      "UpstreamHttpMethod": [ "Get", "Post", "Delete" ]
    },

    {
      "DownstreamPathTemplate": "/api/OrderManagement/getOrderDetailsByProductId/{everything}",
      "DownstreamScheme": "https",
      "DownstreamHostAndPorts": [
        {
          "Host": "localhost",
          "Port": 7094
        }
      ],
      "UpstreamPathTemplate": "/ApiGateway/OrderManagement/getOrderDetailsByProductId/{everything}",
      "UpstreamHttpMethod": [ "Get" ],
      "Key": "orders-based-on-product"
      //"DownstreamHttpMethod": [ "Post" ]
    },
    {
      "DownstreamPathTemplate": "/api/OrderManagement/{everything}",
      "DownstreamScheme": "https",
      "DownstreamHostAndPorts": [
        {
          "Host": "localhost",
          "Port": 7094
        }
      ],
      "UpstreamPathTemplate": "/ApiGateway/OrderManagement/{everything}",
      "UpstreamHttpMethod": [ "Get", "Delete" ]
      //"DownstreamHttpMethod": [ "Post" ]
    },
    {
      "DownstreamPathTemplate": "/api/OrderManagement",
      "DownstreamScheme": "https",
      "DownstreamHostAndPorts": [
        {
          "Host": "localhost",
          "Port": 7094
        }
      ],
      "UpstreamPathTemplate": "/ApiGateway/OrderManagement",
      "UpstreamHttpMethod": [ "Post" ]
      //"DownstreamHttpMethod": [ "Post" ]
    },
    {
      "DownstreamPathTemplate": "/api/User/{everything}",
      "DownstreamScheme": "https",
      "DownstreamHostAndPorts": [
        {
          "Host": "localhost",
          "Port": 7222
        }
      ],
      "UpstreamPathTemplate": "/ApiGateway/User/{everything}",
      "UpstreamHttpMethod": [ "Get", "Delete" ]
    },
    {
      "DownstreamPathTemplate": "/api/User",
      "DownstreamScheme": "https",
      "DownstreamHostAndPorts": [
        {
          "Host": "localhost",
          "Port": 7222
        }
      ],
      "UpstreamPathTemplate": "/ApiGateway/User",
      "UpstreamHttpMethod": [ "Get", "Put", "Post" ]
    }
  ],
  "Aggregates": [
    {
      "RouteKeys": [
        "orders-based-on-product",
        "product-details"
      ],
      "UpstreamPathTemplate": "/ApiGateway/orders-based-on-product/{everything}"
    }
  ]
}
